ID,Event Name,Dorm,Group,Event Location,Start Date and Time,End Date and Time,Event Description,Tags,Published
BK01,Baker Bricks,Baker House,,Baker Upper Lobby,2026-09-01 19:00,2026-09-01 20:30,"Come decorate your very OWN Baker Brick! Transform plain bricks into colorful masterpiece creations while munching on delicious, homemade Lucky Charms Rice Krispies treats!","Art, Snacks, Social",TRUE
BK02,Baker Carnival,Baker House,,Baker Lawn,2026-08-30 13:00,2026-08-30 15:00,"Come one, come all, to the most anticipated Baker event: BAKER CARNIVAL! There will be games! There will be waffles! There will be baby animals!!!!","Signature, Snacks, Social, Games",TRUE
BK03,Baker Charms,Baker House,,Baker Upper Lobby,2026-08-31 10:00,2026-08-31 11:30,"Unleash your creativity at our Lucky Charm Bracelet Bash! Craft your own stunning custom charm bracelet while crunching on sweet, nostalgic Lucky Charms cereal. Tasty snacks, and great vibes!","Art, Snacks, Social",TRUE
BK04,Baker Rooftop Sunset,Baker House,,Baker Rooftop,2026-08-31 19:00,2026-08-31 20:30,"Catch sunset views, snap stunning photos, and hang with friends on the rooftop! Enjoy Raising Cane’s and drinks while soaking in the best sights on campus. See you there!","Social, Meal",TRUE
BK05,Baker Dorm Tour,Baker House,,Baker Upper Lobby,2026-08-31 11:00,2026-08-31 11:30,"Join us for a 30min tour of Baker for a chance to explore the rooms, floors, and faciliaties while learning about our culture! Baker House, Baker Home!",Dorm Tour,TRUE
BK06,Baker Dorm Tour,Baker House,,Baker Upper Lobby,2026-09-01 20:00,2026-09-01 20:30,"Join us for a 30min tour of Baker for a chance to explore the rooms, floors, and faciliaties while learning about our culture! Baker House, Baker Home!",Dorm Tour,TRUE
BK07,Baker Dorm Tour,Baker House,,Baker Upper Lobby,2026-08-30 17:30,2026-08-30 18:00,"Join us for a 30min tour of Baker for a chance to explore the rooms, floors, and faciliaties while learning about our culture! Baker House, Baker Home!",Dorm Tour,TRUE
BC01,ERECT a wa11,Burton-Conner House,B1,BC Main Entrance,2026-08-30 17:01,2026-08-30 18:31,is it a bird? is it a plane? omg its some hardwood under the sheets of drywall!!1! help us finish by painting our wall b1ue.,"Social, Art",TRUE
BC02,BREAK the wa11,Burton-Conner House,B1,BC Main Entrance,2026-08-30 18:51,2026-08-30 20:01,Do it. You won’t.,"Social, Games",TRUE
BC03,B1EA MARKET,Burton-Conner House,B1,B1: 133 Suite,2026-09-01 19:51,2026-09-01 21:31,"a b1zarre bazaar featuring secondhand clothing b1ns, caricature drawings, tarot readings, and DJ-ing! all for the low low price of free- well, sort of…","Snacks, Social, Games",TRUE
BC04,M1CHELBANGELO,Burton-Conner House,B1,B1: 133 Suite,2026-08-30 09:21,2026-08-30 10:31,crazy? i was crazy once. they locked me in a room. a rubber room. a rubber room with michelangelo. some say michelangelo’s from b1. we say he stole everything from us. come prepared with your best pancake art and show them who’s really crazy. crazy? i was crazy once,"Meal, Social",TRUE
BC05,WELCOME TO THE B1NERVERSE,Burton-Conner House,B1,B1: 141 Suite,2026-08-31 22:01,2026-09-01 01:00,(it’s a party),"Party, Social",TRUE
BC06,Burton 2: 24-Hour Lemonade Stand,Burton-Conner House,B2,BC Main Entrance,2026-08-29 12:00,2026-08-30 01:00,"Lemonade, it's what plants crave.","Snacks, Social",TRUE
BC43,Burton 2: 24-Hour Lemonade Stand,Burton-Conner House,B2,BC Main Entrance,2026-08-30 06:00,2026-08-30 12:00,Lemonade: plants still cravin',"Snacks, Social",TRUE
BC07,Apples to Apples with Apples and Honey (and Other Sweet Treats!),Burton-Conner House,B2,B2: Suite 254,2026-09-02 15:00,2026-09-02 17:00,"Welcome the New Year with the Kosher Suites, MIT's observant Jewish living community! Come enjoy apples and honey, fresh-baked round challah, ice cream, warm apple pie, and other sweet treats. Play Apples to Apples with community members and start the year off on a sweet note!","Snacks, Social, Games",TRUE
BC08,You TouCan Dance,Burton-Conner House,B2,B2 Flounge,2026-08-31 21:00,2026-08-31 23:00,"Get Footloose and join the 2cans for a night where we Just Dance! Whether you've memorized the dance for Rasputin, or you've never managed to land a gold move, We Gotta Feeling that you will Dance All Nite!","Snacks, Party, Social, Games",TRUE
BC09,b2ad movie night,Burton-Conner House,B2,B2 Flounge,2026-08-30 21:00,2026-08-30 23:00,you know when a movie is so bad it's good??? yeah. pull up.,"Snacks, Social",TRUE
BC10,b2 b2aking b2onanza,Burton-Conner House,B2,B2: Suite 241,2026-09-01 19:00,2026-09-01 21:00,when life gives u lemons...eat the lemons. come b2ake ur heart out & eat the lemons of ur labor :D,"Snacks, Social",TRUE
BC11,b2print (cyanotype!!),Burton-Conner House,B2,BC Main Entrance,2026-08-31 09:30,2026-08-31 11:30,arts & crafts & sun prints (look up cyanotype if u don't know what it is but it's super cool we promise.) Enter on the Amherst Alley side.,Art,TRUE
BC12,Charades Against Humanity,Burton-Conner House,B2,B2 Flounge,2026-08-30 19:00,2026-08-30 21:00,"Join in on trying to act out “crippling debt,” “doing the right thing,” and “ironically buying a trucker hat and then ironically being a trucker for 38 years.” And remember, only two things in life are certain: death and Texas.","Snacks, Social, Games",TRUE
BC13,B2ig Pancakes,Burton-Conner House,B2,B2: Suite 241,2026-09-04 08:30,2026-09-04 09:30,"Stuffed from other REX events? 2Bad, because we'll be serving up a pan-sized pancake Breakfast of Champions 2blast us into the new school year!

(non-pancake breakfast options also available upon request.)","Meal, Social",TRUE
BC14,"Carter's Country Hoedown: grills, games, and good ol' country fun",Burton-Conner House,B3rd,BC Grills,2026-08-30 18:03,2026-08-30 20:03,"grills, games, and (water) guns","Snacks, Meal, Party, Social, Games",TRUE
BC15,deep talks with shallow people,Burton-Conner House,B3rd,B3rd Flounge,2026-08-31 21:03,2026-08-31 22:03,"discuss the meaning of life, et al.",Social,TRUE
BC16,"Sports ""Investing""",Burton-Conner House,B3rd,Briggs Field,2026-08-30 14:03,2026-08-30 15:00,hit your 33rd leg parlay,"Social, Games",TRUE
BC17,Jarred and Feathered,Burton-Conner House,B3rd,B3rd Flounge,2026-09-01 20:03,2026-09-01 21:03,Jeopardy meets fan favorite 17th century pastime.,Games,TRUE
BC18,wake up and bake up,Burton-Conner House,B3rd,B3rd: 341 Suite,2026-08-30 10:03,2026-08-30 12:03,come enjoy brunch & baked goods with burton third!,"Meal, Social",TRUE
BC19,b3rd aft3r hours,Burton-Conner House,B3rd,B3rd: 341 Suite,2026-09-01 23:00,2026-09-02 01:00,what happens aft3r hours stays aft3r hours,"Snacks, Social, Games, Art",TRUE
BC20,Burton Conner: B4 Poker x Henna x Snack Night!,Burton-Conner House,B4,B4 Flounge,2026-08-31 21:00,2026-08-31 23:00,"Spend a cozy evening playing Poker and designing your own hennas with Burton Conner's B4 Pl4yers! There will be a snack bar, perfect for evening munchies after dinner! No prior experience needed in poker or henna designs-- we will teach you. (*No real money will be exchanged*)","Snacks, Social, Games, Art",TRUE
BC21,B4 Break It Down!,Burton-Conner House,B4,BC Grills,2026-09-01 20:00,2026-09-01 22:00,Dance your heart out to Just Dance classics with the Burton Conner's B4 Pl4yers! There will be a snack and chilled drink bar to refresh as we dance!,"Snacks, Social, Games",TRUE
BC22,KBB4-Q Social !,Burton-Conner House,B4,B4 Flounge,2026-08-30 20:00,2026-08-30 21:30,"Join B4 for a sizzling KBBQ social in our floor lounge! Come chat with our super cool B4 members, ask us anything, and enjoy the food!","Meal, Snacks, Social",TRUE
BC23,B5 nut,Burton-Conner House,B5,B5 Flounge,2026-08-31 21:00,2026-08-31 22:00,"Ice cream, soda, and good company: What more do you need?","Snacks, Social",TRUE
BC24,B5 Hot Dog Hundred,Burton-Conner House,B5,BC Grills,2026-09-01 19:00,2026-09-01 20:00,Hot diggity dog! One of our floor chairs thinks he's hot stuff and can eat a hot dog and run a hundred meters faster than you; can you beat his time?,"Snacks, Social, Games",TRUE
BC25,B5nut,Burton-Conner House,B5,B5 Flounge,2026-08-30 17:00,2026-08-30 18:00,"Come eat donuts with us*** 

***With a twist ;) ","Snacks, Social, Games",TRUE
BC26,"(B)ad drawings, (5)tupider decisions",Burton-Conner House,B5,B5 Flounge,2026-09-02 14:00,2026-09-02 15:00,"Join us for a night of drawing things badly and guessing things wrong. The child of telephone and pictonary, gartic phone is coming to B5 on pen and paper.","Snacks, Social, Games",TRUE
BC27,graffiti our wall,Burton-Conner House,C2,C2 Hallway,2026-09-01 21:00,2026-09-01 23:00,come help c2 decorate our wall! (100% legal),"Social, Games, Art",TRUE
BC28,wheel of gameshow,Burton-Conner House,C2,C2 Flounge,2026-08-30 17:00,2026-08-30 19:00,"be entertained or become the entertainment. spin the wheel and compete in traditional family classics like ""that sounds about right,"" ""uncertainty!"" and ""are you smarter than a dormspammer?""","Snacks, Social, Games",TRUE
BC29,theoretical pancakes,Burton-Conner House,C2,C2: 223 Kitchen,2026-08-29 23:00,2026-08-30 01:00,"it's too late to be awake, too early to go to sleep... luckily, we have just the thing. come flip with us","Meal, Snacks, Social",TRUE
BC30,tea and tattoos,Burton-Conner House,C2,C2 Flounge,2026-08-30 12:00,2026-08-30 14:00,Do you like to drink tea (and spill tea)? Do you like making adult decisions but hate the commitment of sticking to said decisions? Then come join C2 (aka the British Floor) for tea and tattoos! The tattoos may be temporary but tea time is forever.,"Snacks, Social, Games, Art",TRUE
BC31,c2rsed caffeine,Burton-Conner House,C2,C2: 223 Suite,2026-08-31 09:00,2026-08-31 11:00,is plain coffee just not enough for you? do you yearn to mix earl grey with monster energy? start your morning the wrong way with c2 and experiment with your morning caffeine. we'll have pancakes to balance out the monstrosities you have created,"Meal, Social",TRUE
BC32,distress to destress,Burton-Conner House,C2,C2 Flounge,2026-08-30 21:00,2026-08-30 23:00,"come ruin - I mean fix the new clothes your parents just bought for you. paint, scissors, and plenty of loose threads.","Social, Art",TRUE
BC33,Luck of the Irish: C3 Game Night,Burton-Conner House,C3,C3 Flounge,2026-09-01 20:00,2026-09-01 22:30,"Come play JackBox games, board games, poker, and more with C3 and have lots of snacks!","Snacks, Social, Games",TRUE
BC34,Conner 3 Gr33n 3ggs and Ham,Burton-Conner House,C3,C3 Flounge,2026-08-31 08:30,2026-08-31 09:30,C3’s gr33n 3ggs and ham breakfast with a twist! Enjoy a fun breakfast and curated coffee/tea/and so much more.,"Snacks, Meal, Social",TRUE
BC35,clay trinkets w/ c4,Burton-Conner House,C4,C4: 413 Suite,2026-08-29 15:00,2026-08-29 16:00,come make clay trinkets with c4 :),"Social, Art",TRUE
BC36,c4 shrinky dinks,Burton-Conner House,C4,C4: 413 Suite,2026-08-29 13:00,2026-08-29 14:00,make cute keychains w us woooo,Art,TRUE
BC37,c4 stamp carving,Burton-Conner House,C4,C4: 413 Suite,2026-08-29 18:00,2026-08-29 19:00,carve ur own custom stamps :D,"Snacks, Art",TRUE
BC38,Cookie Decorating,Burton-Conner House,C4,C4 Flounge,2026-09-01 20:00,2026-09-01 22:00,Hang out with C4 decorating cookies over a Studio Ghibli movie!,"Snacks, Social, Art",TRUE
BC39,Jurassic World Watch Party,Burton-Conner House,C5,C5 Flounge,2026-08-30 20:00,2026-08-30 23:00,Watch the Jurassic World franchise with us with dino nuggets!!,"Snacks, Social",TRUE
BC40,Paint Squares and Eat Squares,Burton-Conner House,C5,C5 Flounge,2026-09-01 20:00,2026-09-01 22:00,Be a part of our walls! Come paint pixels on our mural while also eating brownie squares! No art experience required.,"Snacks, Art",TRUE
BC41,Indigenous Living Community: NDN Tacos and Basket Weaving!,Burton-Conner House,ILC,BC TV Lounge,2026-08-29 18:00,2026-08-29 20:00,"Come to the BC TV lounge to learn more about the Indigenous Living Community (ILC), learn to basket-weave, and eat some delicious NDN tacos (dessert may also be provided)!","Meal, Snacks, Social, Art",TRUE
BC42,BC BONANZA,Burton-Conner House,,BC Grills,2026-08-31 19:00,2026-08-31 21:00,"The grill is on just for you, and each of our floors has brought their own activity with your name on it. Come make a heaping helping of sharp-looking, warm-hearted friends","Signature, Meal, Social",TRUE
EC01,Climb Time,East Campus,,Courtyard,2026-08-30 22:00,2026-08-31 00:30,climb on the EC fort climbing wall!!!!!!!!!!!!!!!!!!!!!!,,TRUE
EC02,Climb Time,East Campus,,Courtyard,2026-08-31 19:00,2026-08-31 21:30,climb on the EC fort climbing wall!!!!!!!!!!!!!!!!!!!!!!,,TRUE
EC03,Climb Time,East Campus,,Courtyard,2026-09-01 19:00,2026-09-01 21:30,climb on the EC fort climbing wall!!!!!!!!!!!!!!!!!!!!!!,,TRUE
EC04,Climb Time,East Campus,,Courtyard,2026-09-03 13:00,2026-09-03 16:00,climb on the EC fort climbing wall!!!!!!!!!!!!!!!!!!!!!!,,TRUE
EC06,EAST CAMPUS BEAT OFF,East Campus,,EC Music Room,2026-09-04 15:30,2026-09-04 17:30,"Bring your laptop and make some sounds and stuff... the noisier the better! No music experience required, we will teach the basics of music production :3",Social,TRUE
EC07,Macaron Roulette,East Campus,,3E Kitchen,2026-08-30 10:00,2026-08-30 11:00,"Come and try macarons! What flavor? You don’t know, and I don’t know either! Choose from a plate of identical looking macarons, hopefully you’ll get something you like. (These are all actually good flavors I promise)",Snacks,TRUE
EC08,Carrom and Snacks!,East Campus,,3E Kitchen,2026-09-03 15:30,2026-09-03 16:30,Come play the game carrom (or learn how to play!) and eat wonderful Indian snacks,"Snacks, Social, Games",TRUE
EC09,Gothic Wire Jewelry,East Campus,,3E Lounge,2026-09-01 19:00,2026-09-01 20:00,Bend wire into fun and interesting shapes and make a fun little trinket to wear :D,Art,TRUE
EC10,Ask the Witch,East Campus,,41W Lounge,2026-09-03 20:30,2026-09-03 22:00,"Do you have any burning questions about your future? Are you still lingering in past regrets? Do you have a secret third thing you want to talk about? If so, come ask the witch! Or just hang out and talk with tarot and snacks.",Social,TRUE
EC11,Gothic Gargoyles,East Campus,,Courtyard,2026-08-31 08:30,2026-08-31 11:30,"Hey all you ghouls and goblins 🦇🖤🕷️ Get medieval and grotesque with us and decorate gargoyles for the gothic-themed REX build! Paint and papier mache gargoyles in all shades of spooky, creepy, and silly.",Art,TRUE
EC12,burnt to a crisp,East Campus,,5E Kitchen,2026-08-31 19:00,2026-08-31 22:00,make and eat charcoal-colored Snacks with us,"Snacks, Social",TRUE
EC13,cookiepalooza,East Campus,,1E Kitchen,2026-08-31 09:30,2026-08-31 11:30,come make cookies and chill with us!! :3,"Snacks, Social",TRUE
EC14,epic warrior cat figurine roleplay,East Campus,,1E Lounge,2026-08-29 13:00,2026-08-29 16:00,come design your oc and roleplay with us through some epic awesome sauce scenes,"Social, Art",TRUE
EC15,Rock Show & Jam Session,East Campus,,EC Music Room,2026-08-29 21:00,2026-08-29 22:30,"Come by and listen to some rock and punk music performed by students! If you know how to play an instrument, come jam with us. If you don't, come learn one!","Social, Art",TRUE
EC16,tea4tea,East Campus,,5E Lounge,2026-08-29 19:30,2026-08-29 21:00,spill tea to drink tea!,"Snacks, Social",TRUE
EC17,Blood on the Clocktower,East Campus,,Talbot Lounge,2026-08-30 11:30,2026-08-30 14:30,"Oh no, we’ve died! A demon has impaled us upon the hands of the East Campus clocktower! Come join us in lying to your friends and discovering their identity in a game of Blood on the Clocktower","Social, Games",TRUE
EC18,Outdoor Blacksmithing,East Campus,,Courtyard,2026-09-01 19:00,2026-09-01 21:00,hit hot metal outdoors,,TRUE
EC19,OCCULT MEETING!!,East Campus,,3E Lounge,2026-08-31 19:00,2026-08-31 20:30,"The voice of another world calls gently to you from within the very walls of this place. You try to ignore it, but with each passing day it grows louder. Join us to heed its calling -- you know you want to.","Snacks, Social, Games",TRUE
EC20,Emo Nite,East Campus,,4W Lounge,2026-08-31 19:30,2026-08-31 21:30,"it was never a phase, mom. come for karaoke, eyeliner, and all the edgy poetry your cold black heart desires",Social,TRUE
EC21,(s)creaming,East Campus,,Courtyard,2026-08-29 15:00,2026-08-29 17:00,"I SCREAM . YOU SCREAM . WE ALL SCREAM 

join us for hardcore karaoke! (complete with assorted creams)",Social,TRUE
EC22,Funtime Fanart,East Campus,,1E Lounge,2026-09-03 13:00,2026-09-03 15:00,Come by and make some art with us! Doesn't have to be fanart... but it would be super cool and awesome if it was...,Art,TRUE
EC23,Pillow Fort,East Campus,,1E Lounge,2026-09-01 19:30,2026-09-01 21:30,Tired from all those events? Come stop by our pillow fort! We have snacks!,Social,TRUE
EC24,Spray Painting 101,East Campus,,Courtyard,2026-08-30 17:00,2026-08-30 18:30,"We have spray paint, fort walls, and permission – come get creative!","Social, Art",TRUE
EC25,wREX your clothes,East Campus,,Courtyard,2026-08-31 09:30,2026-08-31 11:30,"i'll let you in on a secret - every year the orientation shirt basically looks the same. you could fix that. you're coming to EC to bleach your hair anyway, bring ur white or black clothes and wreck those too.",Art,TRUE
EC26,Gothicumbia,East Campus,,Courtyard,2026-08-29 20:00,2026-08-29 22:00,be goth. be mexican. or both...,Social,TRUE
EC27,Pride Tarot,East Campus,,3E Lounge,2026-08-30 17:30,2026-08-30 19:30,"Are you queer and tremble before the future near? Never fear! Pride Tarot is here! 
Come and get your fortune read with gorgeous decks, everyone is welcome! 
(there will be snacks)","Snacks, Social",TRUE
EC28,BANNANAAA,East Campus,,4E Lounge,2026-09-03 16:30,2026-09-03 18:30,unreal amount of banana in every form possible. banana bread included. poor banana lounge.,"Snacks, Social",TRUE
EC29,Origami Time!,East Campus,,3E Lounge,2026-09-03 13:30,2026-09-03 15:30,"Come along with me
And the paper squares and creases
We can wander through the patterns
And fold them as we pleases
Come along with me
To a crane beneath a tree
Where we can gaze upon the paper
As an everlasting dream",Art,TRUE
EC30,Stare into Infinity!,East Campus,,Courtyard,2026-08-30 22:00,2026-08-31 00:30,"Light is an illusion that helps things make sense
So we're always living in the mirrored tense
It seems never ending when a panel blends
But you and I will always appear here
You and I will always appear here
You and I will always appear here","Social, Art",TRUE
EC31,Stare into Infinity!,East Campus,,Courtyard,2026-09-01 19:00,2026-09-01 21:00,"Light is an illusion that helps things make sense
So we're always living in the mirrored tense
It seems never ending when a panel blends
But you and I will always appear here
You and I will always appear here
You and I will always appear here","Social, Art",TRUE
EC32,Stare into Infinity!,East Campus,,Courtyard,2026-09-03 15:00,2026-09-03 17:00,"Light is an illusion that helps things make sense
So we're always living in the mirrored tense
It seems never ending when a panel blends
But you and I will always appear here
You and I will always appear here
You and I will always appear here","Social, Art",TRUE
EC33,Trader Jack's,East Campus,,5E Lounge,2026-09-03 10:00,2026-09-03 12:00,"Who is Jack Florey? Better question: who are you? Jack wants to know, and will offer treats in exchange for your deepest, darkest secrets. Come eat some snacks while you meet the Jacks.","Snacks, Social",TRUE
EC34,Fabrication Under Consent of Krotus,East Campus,,5E Lounge,2026-09-04 16:30,2026-09-04 18:30,our lord Krotus commands you to come make DIY goth clothes and accessories,"Social, Art",TRUE
EC35,Gothic Potions,East Campus,,5E Lounge,2026-08-30 18:00,2026-08-30 21:00,"What slakes the thirst of a gargoyle? What doth the witch brew in their cauldron? Pick your (nonalcoholic and completely safe to drink) poison and socialize as the gaunt and goth do. Enjoy a mocktail, on the (haunted) house.",Social,TRUE
EC36,Goth Beaver Baby Shower,East Campus,,Courtyard,2026-08-30 19:00,2026-08-30 20:30,A beaver's gestation period is around 4 months. What could've happened since you last saw this gay couple get married? Come help break the water and welcome our new baby beaver into this world!,"Snacks, Social",TRUE
EC37,MAKE YOUR OWN COTTON CANDY !!!!,East Campus,,5E Lounge,2026-09-03 15:30,2026-09-03 17:00,ARE YOU IN NEED OF A SWEET TREAT? ARE YOU READY TO GET COOKIN? DO YOU LIKE CIRCULAR MOTIONS OR THINGS WHICH SPIN? COME OVER AND MAKE YOUR OWN HANDCRAFTED COTTON CANDY FOR ANY PERSONAL USE. WE HAVE THE TECH AND THE SUGAR JUST PULL UP AND ENJOY !!!!!!!!!!!,"Snacks, Social",TRUE
EC39,Horror movie marathon,East Campus,,41W Lounge,2026-08-29 19:00,2026-08-30 01:00,"Want a late-night thrill to start your first semester off right? Look no further! Enjoy horror hits like Obsession, Get Out, and Hereditary with the scary movie connoisseurs of East Campus!",Social,TRUE
EC40,Henna and Chill,East Campus,,4E Lounge,2026-08-30 12:30,2026-08-30 14:30,"Do henna art while yapping with EC residents, drinking tea/cocoa, and eating biscuit cookies.","Snacks, Social, Art",TRUE
EC41,(Temporary) Tattoo Parlour,East Campus,,1W Lounge,2026-08-29 14:00,2026-08-29 16:00,"Are you an aspiring tattoo artist? Ever wanted to get inked up, but your folks said no? Come to (temporary) tattoo parlor, where your body is the canvas! Design your own tats and get inks you'll treasure for the rest of your natural life...or at least 3-5 business days","Social, Art",TRUE
EC42,cariCATures,East Campus,,5W Lounge,2026-09-01 19:30,2026-09-01 21:30,"meow !!!! get your cat caricature drawn, yap with a side of HOT GOSS, + eat churu treats (gogurt) and kibble (cocoa puffs) just as a meowmeow does :3","Snacks, Social, Art",TRUE
EC43,Non-Mechanical Bull,East Campus,,Courtyard,2026-09-03 16:00,2026-09-03 17:00,CPW and REX have long banned mechanical bulls as an activity to incoming frosh. But what about  a non-mechanical bull? Yee haw...,"Games, Art",TRUE
EC44,Bird is the Word,East Campus,,Talbot Lounge,2026-08-30 09:30,2026-08-30 11:00,"From the American Woodcock to Charlie Chirp, birds are everywhere (irl and in brainrot media). Come meet other bird enjoyers and make bird art over some dirt and worms (+MASSIVE prize for bird ID competition winner).","Snacks, Social, Art",TRUE
EC45,Goth Catboy Hooters,East Campus,,Talbot Lounge,2026-08-31 19:30,2026-08-31 21:00,Eat local with the goth catboys/girls/theys in YOUR area,"Snacks, Party, Social",TRUE
EC46,Hail Seitan,East Campus,,2E Kitchen,2026-08-30 17:30,2026-08-30 19:30,"In an EC kitchen, a ritual is unfolding. The rhythmic movement of hands; the consolidation of unassuming ingredients into an inseparable whole. We gravely invite you to take part in this most transformative ceremony. Pentagrams and soy sauce provided. Come hungry. Hail Seitan.",Snacks,TRUE
EC47,EC Bowling Championship,East Campus,,Courtyard,2026-08-30 13:00,2026-08-30 15:00,"Live out your ""Big Lebowski"" daydreams by competing in the EC Bowling Championship. Winner gets a groovy bowling trophy!","Social, Games",TRUE
EC48,FIVE NIGHT’S AT FREDDY’S IN REAL LIFE,East Campus,,Talbot Lounge,2026-08-30 19:00,2026-08-30 21:30,"It’s 1993. You earn a meager minimum wage as a night guard. And yet, for FIVE harrowing minutes, you’ll have to defend against the blood hungry Fazbear crew. In your hands, a live camera feed, a flashlight, and two doors. Tread carefully, for their happiest day has begun…",Games,TRUE
EC49,FIVE NIGHT’S AT FREDDY’S IN REAL LIFE,East Campus,,Talbot Lounge,2026-09-01 19:00,2026-09-01 21:30,"It’s 1993. You earn a meager minimum wage as a night guard. And yet, for FIVE harrowing minutes, you’ll have to defend against the blood hungry Fazbear crew. In your hands, a live camera feed, a flashlight, and two doors. Tread carefully, for their happiest day has begun…",Games,TRUE
EC50,DeathFAC: Final Destination Marathon,East Campus,,1W Lounge,2026-09-03 08:00,2026-09-03 16:00,"Death comes for us all...so watch for the signs. Come see every Final Destination back to back to back with some Death Bingo, and maybe you can learn how to cheat death too","Snacks, Art",TRUE
EC51,Cat Quinceañera,East Campus,,Courtyard,2026-08-30 17:30,2026-08-30 19:00,"Join EC's traditional 15th (in cat years) Mexican birthday celebration celebration with a fuzzy twist, complete with MIT's Mariachi, tres leches cake, and dance :3","Snacks, Party",TRUE
EC52,SPECIAL INTEREST SPEED FRIENDING,East Campus,,Talbot Lounge,2026-08-29 16:00,2026-08-29 17:00,"let's skip the small talk. rant about your favorite topic, meet a new friend + learn something, and rotate to do it again!",Social,TRUE
EC53,_____ Springs,East Campus,,Courtyard,2026-09-03 10:00,2026-09-03 13:00,Taste the sweet sweet flavor of tap water from our own homegrown Boston to the far reaches of ... however far we can get potable water from.,Social,TRUE
EC54,wallsharks,East Campus,,5W Lounge,2026-08-29 16:00,2026-08-29 19:00,"are you a frosh? are your dorm walls bare and sad looking? would you be interested in marine lifeforms? if you said yes to any of these, come to wallsharks where we make sharks for you to hang on your walls.","Social, Art",TRUE
EC55,Chatting Over Chocolate,East Campus,,3E Lounge,2026-09-02 08:00,2026-09-02 09:30,"Come hang out, eat some tasty snacks, and meet some cool people!","Snacks, Social",TRUE
EC56,Jamming with the Kazoo Crew,East Campus,,Talbot Lounge,2026-08-29 18:00,2026-08-29 19:00,"Join the East Campus kooky, kinetic, kaleidoscopic kazoo crew. Play fun music! Perform for (or annoy) your friends! Other wacky and whimsical instruments welcome! No kazoo experience required!","Social, Art",TRUE
EC57,Kings vs. Peasants Debate,East Campus,,2W Lounge,2026-08-30 10:00,2026-08-30 12:00,A fair debate between The King and his Peasants who may be punished for speaking out of turn.,Social,TRUE
EC58,Judgemental Fortune Teller,East Campus,,2W Lounge,2026-08-31 19:30,2026-08-31 21:30,"The spirits can be brutally honest, and so can our fortune teller. Expect a glimpse into your future, a little supernatural gossip, and some light roasting.
It all comes from a place of cosmic concern.",Social,TRUE
EC59,Fun with fabric paint,East Campus,,3E Lounge,2026-09-03 10:30,2026-09-03 12:00,"You have fabric items, we have fabric paint. Come customize your clothes.",Art,TRUE
EC60,Knotical nonsense,East Campus,,3E Lounge,2026-08-29 17:00,2026-08-29 19:00,Learn how to tie all sorts of useful knots.,,TRUE
EC61,False Idol Making (GOTH ART BUILD),East Campus,,Courtyard,2026-08-30 11:30,2026-08-30 14:30,"PAINTING! PAPER MACHE! Make an icon in your own likeness (or a gargoyle), or paint some and contribute to the greater Gothic Build at EC.","Social, Art",TRUE
EC62,Worship the Golden Calf,East Campus,,Courtyard,2026-09-03 21:00,2026-09-03 21:30,join our manifesting circle and hold hands in our seance as we celebrate the Holy Hooved.,"Social, Art",TRUE
EC64,PyroFAC,East Campus,,3E Lounge,2026-08-30 19:30,2026-08-30 20:30,Fire is the spice of life! Come warm your heart (and marshmallows) with one of mankind's oldest inventions,"Snacks, Social",TRUE
EC65,Break (sugar) Glass,East Campus,,Courtyard,2026-09-01 08:00,2026-09-01 09:30,"Do you ever want to feel cool and smash glass, but can't because of potential safety hazards? Well do we have the thing for you. Come break some sugar glass with me!",Social,TRUE
EC67,EC Dorm Tour,East Campus,,Talbot Lounge,2026-08-29 15:30,2026-08-29 16:00,East Campus is well known for our distinct culture -- come take a tour and see for yourself!,Dorm Tour,TRUE
EC68,EC Dorm Tour,East Campus,,Talbot Lounge,2026-08-29 16:00,2026-08-29 16:30,East Campus is well known for our distinct culture -- come take a tour and see for yourself!,Dorm Tour,TRUE
EC69,EC Dorm Tour,East Campus,,Talbot Lounge,2026-08-29 16:30,2026-08-29 17:00,East Campus is well known for our distinct culture -- come take a tour and see for yourself!,Dorm Tour,TRUE
EC70,EC Dorm Tour,East Campus,,Talbot Lounge,2026-08-30 08:30,2026-08-30 09:00,East Campus is well known for our distinct culture -- come take a tour and see for yourself!,Dorm Tour,TRUE
EC71,EC Dorm Tour,East Campus,,Talbot Lounge,2026-08-30 09:00,2026-08-30 09:30,East Campus is well known for our distinct culture -- come take a tour and see for yourself!,Dorm Tour,TRUE
EC72,EC Dorm Tour,East Campus,,Talbot Lounge,2026-08-30 09:30,2026-08-30 10:00,East Campus is well known for our distinct culture -- come take a tour and see for yourself!,Dorm Tour,TRUE
EC73,EC Dorm Tour,East Campus,,Talbot Lounge,2026-08-31 09:00,2026-08-31 09:30,East Campus is well known for our distinct culture -- come take a tour and see for yourself!,Dorm Tour,TRUE
EC74,EC Dorm Tour,East Campus,,Talbot Lounge,2026-08-31 09:30,2026-08-31 10:00,East Campus is well known for our distinct culture -- come take a tour and see for yourself!,Dorm Tour,TRUE
EC75,EC Dorm Tour,East Campus,,Talbot Lounge,2026-08-31 10:00,2026-08-31 10:30,East Campus is well known for our distinct culture -- come take a tour and see for yourself!,Dorm Tour,TRUE
EC76,Cruft Smashing,East Campus,,Courtyard,2026-08-30 09:00,2026-08-30 11:00,Ever wondered what would happen if you smashed a bunch of old electronics? Come to East Campus and find out.,Social,TRUE
EC77,Gaysian Tea Party,East Campus,,2E Kitchen,2026-08-31 09:30,2026-08-31 11:30,gay? asian? neither? -- or both?! join us for a casual event with tea and snacks :) all are welcome!,Social,TRUE
EC78,"Grill, Chill, and Build!",East Campus,,Courtyard,2026-08-29 13:00,2026-08-29 20:00,Come to the EC courtyard to grab freshly grilled burgs and help build our fort! (veg options available),"Meal, Social",TRUE
EC79,"Grill, Chill, and Build!",East Campus,,Courtyard,2026-08-30 10:00,2026-08-30 15:00,Come to the EC courtyard to grab freshly grilled burgs and help build our fort! (veg options available),"Meal, Social",TRUE
EC80,"Grill, Chill, and Build!",East Campus,,Courtyard,2026-08-30 17:00,2026-08-30 19:30,Come to the EC courtyard to grab freshly grilled burgs and help build our fort! (veg options available),"Meal, Social",TRUE
EC81,Grill and Chill,East Campus,,Courtyard,2026-08-31 09:30,2026-08-31 11:30,Come to the EC courtyard and grab some freshly grilled burgs ! (veg options available),"Meal, Social",TRUE
EC82,Grill and Chill,East Campus,,Courtyard,2026-08-31 19:00,2026-08-31 21:00,Come to the EC courtyard and grab some freshly grilled burgs ! (veg options available),"Meal, Social",TRUE
EC83,Grill and Chill,East Campus,,Courtyard,2026-09-01 19:00,2026-09-01 21:00,Come to the EC courtyard and grab some freshly grilled burgs ! (veg options available),"Meal, Social",TRUE
EC84,Grill and Chill,East Campus,,Courtyard,2026-09-03 10:00,2026-09-03 18:30,Come to the EC courtyard and grab some freshly grilled burgs ! (veg options available),"Meal, Social",TRUE
EC85,Grill and Chill,East Campus,,Courtyard,2026-09-04 14:00,2026-09-04 19:00,Come to the EC courtyard and grab some freshly grilled burgs ! (veg options available),"Meal, Social",TRUE
EC86,Hair Dyeing,East Campus,,Courtyard,2026-08-29 17:30,2026-08-29 19:30,Do you ever feel like there's something missing in your life? It's probably hair dye. Stop by the East Campus courtyard today!,"Art, Social",TRUE
EC87,Hair Dyeing,East Campus,,Courtyard,2026-08-30 10:00,2026-08-30 13:00,Do you ever feel like there's something missing in your life? It's probably hair dye. Stop by the East Campus courtyard today!,"Art, Social",TRUE
EC88,Hair Dyeing,East Campus,,Courtyard,2026-08-30 18:00,2026-08-30 21:30,Do you ever feel like there's something missing in your life? It's probably hair dye. Stop by the East Campus courtyard today!,"Art, Social",TRUE
EC89,Hair Dyeing,East Campus,,Courtyard,2026-08-31 09:30,2026-08-31 11:30,Do you ever feel like there's something missing in your life? It's probably hair dye. Stop by the East Campus courtyard today!,"Art, Social",TRUE
EC90,Hair Dyeing,East Campus,,Courtyard,2026-08-31 19:00,2026-08-31 20:30,Do you ever feel like there's something missing in your life? It's probably hair dye. Stop by the East Campus courtyard today!,"Art, Social",TRUE
EC91,Hair Dyeing,East Campus,,Courtyard,2026-09-03 11:00,2026-09-03 14:30,Do you ever feel like there's something missing in your life? It's probably hair dye. Stop by the East Campus courtyard today!,"Art, Social",TRUE
EC92,Hair Dyeing,East Campus,,Courtyard,2026-09-03 16:30,2026-09-03 18:30,Do you ever feel like there's something missing in your life? It's probably hair dye. Stop by the East Campus courtyard today!,"Art, Social",TRUE
EC93,Hair Dyeing,East Campus,,Courtyard,2026-09-04 14:00,2026-09-04 16:30,Do you ever feel like there's something missing in your life? It's probably hair dye. Stop by the East Campus courtyard today!,"Art, Social",TRUE
EC94,Pinkies,East Campus,,Talbot Lounge/Country Kitchen,2026-09-01 19:30,2026-09-01 21:30,Pinkies is everyone's favorite diner! Prepare for the element of surprise. Embrace the lack of information.,Meal,TRUE
EC95,Super Secret Gay Time,East Campus,,Rainbow Lounge,2026-08-29 23:00,2026-08-30 01:00,It's super secret... tell all your friends!,Social,TRUE
EC96,Queer Panel,East Campus,,Talbot Lounge,2026-09-04 16:00,2026-09-04 18:00,Hear from queer sttudents about their experiences living in EC and at MIT!,Social,TRUE
EC97,Water Wars Prep,East Campus,,Courtyard,2026-09-03 16:00,2026-09-03 17:00,"We shall fight to the death and WIN!! (and by death, well lets justr say soak them completely)",Social,TRUE
EC98,Smol Desk Concert,East Campus,,Music Room,2026-08-31 10:00,2026-08-31 11:30,"The mic is open!  Play a song, read a poem, tell a joke, do something","Art, Social",TRUE
EC99,East Side Party,East Campus,,Courtyard,2026-08-30 22:00,2026-08-31 01:00,"Join us for our biggest party of the year, East Side Party!! Dance on our fort, ride student-made attractions, climb our bouldering wall, and wrestle in substances never before wrestled in.","Signature, Party, Social, Art",TRUE
EE01,East Side Concert,East Campus,,Courtyard,2026-08-30 20:30,2026-08-30 22:00,Come rock out to our student bands and get hyped for East Side Party!,"Art, Social",TRUE
MG01,MacTour #1,MacGregor House,,Courtyard,2026-08-29 18:00,2026-08-29 19:00,Come take a tour of MacGregor House. Tour starts in the courtyard at 5 past the hour.,Dorm Tour,TRUE
MG02,MacTour #2,MacGregor House,,Courtyard,2026-08-30 14:00,2026-08-30 15:00,Come take a tour of MacGregor House. Tour starts in the courtyard at 5 past the hour.,Dorm Tour,TRUE
MG03,MacGregor Entry Panel,MacGregor House,,Dining Room,2026-08-30 17:00,2026-08-30 18:00,Get to know the MacGregor residents from each entry with a informative Q&A session!,Social,TRUE
MG04,MacDonalds,MacGregor House,,Courtyard,2026-08-30 18:00,2026-08-30 20:00,"Welcome to MacDonalds, a burger place ran by our hardworking team of MacGregorian chefs! Could we maybe interest you in a burger? :DDDDD

(Beyond Burger patties also available)","Games, Meal, Signature",TRUE
MG05,"KaraoGe, WaGGles, and a Ghicken",MacGregor House,G Entry,G Entry Lounge,2026-08-30 18:45,2026-08-30 20:45,Come sing karaoke with your ~definitely beautiful voice~ while eating waffles with BBQ chicken (or will you do chicken with waffles? Or maybe a chicken-waffle sandwich?) in Gentry!,"Meal, Social, Games, Snacks",TRUE
MG06,Centry Chill Corner,MacGregor House,C Entry,C Entry Lounge,2026-08-30 21:00,2026-08-30 23:00,"Centry has weekly movie nights, but for REX we’re taking it to the next level :0 We have so many cinemas to watch and all the cookies in the world, so come on up to spend time in our crack-a-lackin crazy cool chill corner with Centry!","Snacks, Social, Games",TRUE
MG07,Centry Crepes and Cakes,MacGregor House,C Entry,C Entry Lounge,2026-08-31 10:00,2026-08-31 11:00,Centry would like to cordially invite you to come eat crepes and (pan)cakes with the chefs of C Entry B) LET'S GET COOKING RAHHHHHH,"Meal, Social, Snacks",TRUE
MG08,A&D Cafe,MacGregor House,"A Entry, D Entry",A Entry Lounge,2026-08-31 19:10,2026-08-31 20:10,"Hand-pulled espressos, matchas, homemade baked goods","Snacks, Social",TRUE
MG20,Dentry Cafe,MacGregor House,D Entry,D Entry Lounge,2026-08-30 13:10,2026-08-30 14:10,"Hand-pulled espressos, matchas, homemade baked goods","Snacks, Social",TRUE
MG21,Dentry Cafe,MacGregor House,D Entry,D Entry Lounge,2026-09-03 13:10,2026-09-03 14:10,"Hand-pulled espressos, matchas, homemade baked goods","Snacks, Social",TRUE
MG22,Dentry Cafe,MacGregor House,D Entry,D Entry Lounge,2026-09-01 19:10,2026-09-01 20:10,"Hand-pulled espressos, matchas, homemade baked goods","Snacks, Social",TRUE
MG09,F-entry Feast,MacGregor House,F Entry,F Entry Lounge,2026-08-31 20:00,2026-08-31 21:00,Come hang out and eat the best homemade meal you can find on campus!,"Meal, Social",TRUE
MG10,Bentry After Dark,MacGregor House,B Entry,B Entry Lounge,2026-08-31 21:00,2026-08-31 23:00,Games. Stereo. Snacks. Pizza. Aquarium. Chill vibes. With an 11th floor skyline view.,"Social, Snacks, Games",TRUE
MG11,MacTour #3,MacGregor House,,Courtyard,2026-09-01 19:00,2026-09-01 20:00,Come take a tour of MacGregor House. Tour starts in the courtyard at 5 past the hour.,Dorm Tour,TRUE
MG12,A Entry AYCE Hot Pot/KBBQ,MacGregor House,A Entry,A Entry Lounge,2026-09-01 20:00,2026-09-01 22:00,Eat until you drop!,"Meal, Snacks",TRUE
MG13,Centry Chill Corner,MacGregor House,C Entry,C Entry Lounge,2026-09-01 21:00,2026-09-01 23:00,"Centry has weekly movie nights, but for REX we’re taking it to the next level :0 We have so many cinemas to watch and all the cookies in the world, so come on up to spend time in our crack-a-lackin crazy cool chill corner with Centry!","Snacks, Social, Games",TRUE
MG14,The Jloor,MacGregor House,J Entry,J Entry Lounge,2026-09-02 15:00,2026-09-02 18:00,JOIN US IN OUR JOYOUS J-ENTRY JUBILATION OF FAMOUS ENTERTAINMENT ICON ROBERT LOWE. JOIN US... ON *THE FLOOR*!!!!,"Games, Snacks, Social",TRUE
MG15,Dentry Boba Shop,MacGregor House,D Entry,D Entry Lounge,2026-09-02 14:10,2026-09-02 15:00,*sluuuuuuuuurp* omnomnom yummy boba,"Snacks, Social",TRUE
MG16,Gentry Mocktails High Tea,MacGregor House,G Entry,G Entry Lounge,2026-09-03 14:00,2026-09-03 16:00,"As part of the landed Gentry, you must go to your obligatory afternoon High Tea! There will be an assortment of teas, charcuterie, pastries, finger sandwiches, and straight pinkies. And of course, High Tea is never complete without rich people laughter and drinks!","Snacks, Social",TRUE
MG17,Brownie Jhursday,MacGregor House,J Entry,J Entry Lounge,2026-09-03 16:30,2026-09-03 18:30,Come join us in our entry's weekly tradition of Brownie Thursdays! Hang out and enjoy a chill evening of eating tasty chocolate slabs in our odd little corner of MacGregor House.,"Snacks, Social",TRUE
MG18,E Entry Totes and Tea,MacGregor House,E Entry,E Entry Lounge,2026-09-03 17:00,2026-09-03 18:00,Come sip on some drinks while decorating a tote bag to your heart's desire.,"Snacks, Art",TRUE
MG19,Centry Chill Corner,MacGregor House,C Entry,C Entry Lounge,2026-09-03 21:00,2026-09-03 23:00,"Centry has weekly movie nights, but for REX we’re taking it to the next level :0 We have so many cinemas to watch and all the cookies in the world, so come on up to spend time in our crack-a-lackin crazy cool chill corner with Centry!","Snacks, Social, Games",TRUE
MA01,Matcha Breakfast,Maseeh Hall,,Maseeh Courtyard,2026-08-31 08:00,2026-08-31 11:00,Start your morning with matcha and homemade overnight oats. Set your mood for the day.,"Meal, Social",TRUE
MA02,Maseeh Trivia Night,Maseeh Hall,,Floor 2 Lobby,2026-09-03 21:00,2026-09-03 22:30,How well do you know Maseeh? Compete in Maseeh-themed trivia competition for the chance to win Maseeh merch and other prizes.,"Social, Games",TRUE
MA03,Maseeh Arts & Crafts,Maseeh Hall,,Private Dining Room,2026-08-30 17:00,2026-08-30 20:00,Make or leave a record of your REX experience!,"Art, Social",TRUE
MA04,Poker Chips,Maseeh Hall,,Floor 3 Lobby,2026-09-03 15:30,2026-09-03 18:30,Play poker (or other card games) and eat (potato) chips. No experience needed!,"Social, Snacks, Games",TRUE
MA05,Midnight Breakfast,Maseeh Hall,,Maseeh Courtyard,2026-08-31 22:00,2026-09-01 01:00,"Kind of like Stanford's tradition but much, much better.","Social, Meal",TRUE
MA06,Maseeh Tour,Maseeh Hall,,Meet at the Maseeh Lobby,2026-09-03 13:00,2026-09-03 14:00,See what it's like to live in Maseeh. Tours occur in 20 minute intervals.,Dorm Tour,TRUE
MA07,Maseeh Tour,Maseeh Hall,,Meet at the Maseeh Lobby,2026-08-30 12:00,2026-08-30 15:00,See what it's like to live in Maseeh. Tours occur in 20 minute intervals.,Dorm Tour,TRUE
MA08,Maseeh Tour,Maseeh Hall,,Meet at the Maseeh Lobby,2026-08-29 16:00,2026-08-29 20:00,See what it's like to live in Maseeh. Tours occur in 20 minute intervals.,Dorm Tour,TRUE
MA09,Karaoke & Movies Evening,Maseeh Hall,,Floor 2 Lobby,2026-08-30 20:00,2026-08-30 22:00,Free boba too!,"Social, Art",TRUE
MA10,Maseeh Lawn Games,Maseeh Hall,,Maseeh Courtyard,2026-09-03 11:00,2026-09-03 15:00,Come play ping pong and other games in the Maseeh Courtyard. Merch and food available!,"Social, Games",TRUE
MA11,Maseeh 101 & Cookie Decorating,Maseeh Hall,,Private Dining Room,2026-09-01 21:30,2026-09-02 00:00,Now that you are in Maseeh... time to learn more about it! Decorate cookies and hear from your new neighbors.,"Snacks, Social, Art",TRUE
MA12,Waffles Night,Maseeh Hall,,Maseeh Courtyard,2026-08-29 20:00,2026-08-29 22:30,Make and decorate your own waffles  while meeting other incoming Maseeh-donians!,"Meal, Snacks, Social, Art",TRUE
MA13,Are you smarter than a PhD?,Maseeh Hall,,Floor 4 Lobby,2026-09-01 19:00,2026-09-01 21:30,"Try your hand against some GRAs and the Head of House. Win prizes, eat snacks, meet people. Pizza will be provided","Social, Games",TRUE
MA14,Hotpot & Sushi Dinner,Maseeh Hall,,Private Dining Room,2026-08-31 19:00,2026-08-31 22:00,Yum yum yum.,"Meal, Social",TRUE
MA15,Ice Cream Social,Maseeh Hall,,Maseeh Courtyard,2026-08-30 22:00,2026-08-31 01:00,"Eat ice cream and other sweets, meet your peers and ask questions to Maseeh upperclassmen!","Social, Snacks, Meal, Party, Signature",TRUE
MA16,Photo Booth,Maseeh Hall,,Maseeh Courtyard,2026-08-29 12:00,2026-08-29 18:00,Maseeh is picteresque. Let us help you record your first moments on campus!,"Social, Art",TRUE
MC01,McCrafts and Snacks,McCormick Hall,,W20-401,2026-08-29 13:00,2026-08-29 15:00,"Get creative with a variety of hands-on crafts while enjoying snacks, music, and great company. Whether you're an experienced artist or just looking to unwind, there's something for everyone.","Art, Social, Snacks",TRUE
MC02,Great McCormick Bakeoff,McCormick Hall,,W20-401,2026-08-30 18:00,2026-08-30 20:00,"Put your creativity to the test by decorating cakes, cupcakes, and cookies with colorful frosting, sprinkles, and toppings. No baking experience required. Just decorate, snack, and have fun!","Signature, Social",TRUE
MC03,McCormick Night Market,McCormick Hall,,W20-401,2026-08-31 20:00,2026-08-31 22:00,"Experience a night market inspired by East Asian street food! Enjoy freshly made taiyaki, mochi, rice cakes, dumplings, and other treats while hanging out with fellow first-years.
","Meal, Social, Signature",TRUE
MC04,Flowers and Fruits,McCormick Hall,,W20-401,2026-09-01 20:00,2026-09-01 22:00,Take a break from the busy orientation schedule by creating a flower bouquet or floral crown with other flower themed crafts while enjoying fresh fruit and light refreshments. A relaxing way to meet new friends and unwind.,"Snacks, Art, Social",TRUE
MC05,McCormick Trivia Night,McCormick Hall,,W20-401,2026-09-02 20:00,2026-09-02 22:00,"Think you know a little about everything? Join us for a fun evening of team trivia featuring categories from pop culture and science to MIT traditions and random facts. Bring your friends, test your knowledge, and compete for prizes!
","Social, Games, Snacks",TRUE
NW01,The CContest,New House,Chocolate City,CC Lounge - New House Floor 5 (West),2026-08-31 19:00,2026-08-31 22:00,"Join us for a night of surprise competition hosted by CC’s very own high-class game show host. Prepare for literally anything - trivia, talent exhibition, deception, or all of the above. Snacks/refreshments on us! Come win some bragging rights.","Meal, Social, Games",TRUE
NW02,CCinema Night,New House,Chocolate City,CC Lounge - New House Floor 5 (West),2026-09-01 21:00,2026-09-02 00:00,"We’re hosting a movie kickback showing the classic, Friday, starring Ice Cube and Chris Tucker! We’ll have good snacks and great vibes, so all we’re missing is you!","Social, Snacks",TRUE
NW03,Boards & Boards,New House,French House,LMF Kitchen - New House Floor 4 (East),2026-09-01 19:00,2026-09-01 22:00,"Come wind down with board games and boards of food with French House! Enjoy our carefully crafted charcuterie board while engaging in relaxing gameplay with current house members. Eat our food, play our games, and learn more about the house.","Snacks, Games",TRUE
NW04,Melty Meal,New House,French House,LMF Kitchen - New House Floor 4 (East),2026-09-03 13:00,2026-09-03 15:00,Enjoy a delectable combination of melty cheese and assorted veggies/sausages (plus tiny breads) grilled to perfection on our very own raclette (little French grill). Check out our lovely kitchen and learn more about the French House experience from our seasoned upperclassmen!,Snacks,TRUE
NW05,The Great German Cake Show,New House,German House,German House - New House Floor 1 (West),2026-09-01 19:30,2026-09-01 22:00,"Come try a variety of German, Austrian, and other interesting cakes while hanging out with House members in the German House Lounge!","Snacks, Social",TRUE
NW06,Performative Germanmaxxing,New House,German House,German House - New House Floor 1 (West),2026-09-03 21:00,2026-09-03 23:00,There's nothing Germans love more than drinks and pretzels! Come join German House for a non-alcoholic super traditional German drink (matcha) and pretzels! A small caffeine and glucose boost will get you through the rest of the 9108420 events you're planning to do this weekend.,"Snacks, Social",TRUE
NW07,shaved ice & sago at New House 3,New House,House 3,House 3 Lounge - New House Floor 3 (East),2026-08-29 20:00,2026-08-29 21:00,"Refreshing shaved ice and mango sago (it's a new house 3 tradition)! Get to know the dorm vibes, ask about college stuff, meet your peers, or even rant. Also down to show you around the dorm and new house 3 rooms!","Snacks, Social",TRUE
NW08,bagel bar + hall crawl at New House 3,New House,House 3,House 3 Lounge - New House Floor 3 (East),2026-09-03 10:00,2026-09-03 11:00,Exercise your free will by building a bagel and probably leave with cream cheese on your face. Also down to show you around the dorm and new house 3 rooms!,"Meal, Snacks, Social",TRUE
NW09,craft dorm flag for your new room!,New House,House 3,House 3 Lounge - New House Floor 3 (East),2026-08-31 21:00,2026-08-31 22:00,"Make custom felt dorm flags to add some quirk to your room. You could put your name, your friend’s name, a random person’s name, or not even a name on it. Also down to show you around the dorm and new house 3 rooms!","Social, Art",TRUE
NW10,BLE4CH L4B,New House,House 4,House 4 Kitchen - New House Floor 5 (East),2026-09-03 12:44,2026-09-03 16:44,"join house 4 in upcycling your old clothes with bleach art. bring dark colored cotton clothing, leave with a one-of-a-kind statement piece!

**we will have limited supply of extra black tees and headbands; first come, first serve",Art,TRUE
NW11,SN4TCH TH4T WIG,New House,House 4,House 4 Kitchen - New House Floor 5 (East),2026-08-31 20:44,2026-08-31 23:44,"our party will have your wig snatched! Come vibe, sip mocktails, and enter our wig snatching tournament for a chance to win BIG 👀","Snacks, Games",TRUE
NW12,4ROUND THE C4MPFIRE,New House,House 4,New House Lawn (East),2026-08-30 20:44,2026-08-30 22:44,"ready to look camp right in the eye? join house 4 around the campfire* for chill vibes, s’mores, and fun lawn games. (*campfire not included lol)","Snacks, Social, Games",TRUE
NW13,Fried Rice Friday,New House,iHouse,"iHouse lounge, New House 1, Straight past security",2026-09-04 17:00,2026-09-04 19:00,"Fresh fried rice, good vibes, and great company. Need we say more? Come grab a plate, meet other prefrosh, chat with current MIT students, and enjoy some good food together!","Meal, Social",TRUE
NW14,Donuts and Documentaries,New House,iHouse,"iHouse lounge, New House 1, Straight past security",2026-08-31 19:00,2026-08-31 20:00,fill your bellies with knowledge and your brains with breakfast food,"Snacks, Social",TRUE
NW15,Picnic with Juniper,New House,Juniper,Charles River Esplanade,2026-08-31 10:00,2026-08-31 11:30,"Ready to kick off the new year with good views? Join us right by the Charles River for an hour of music, food, painting, and creative vibe! Meet us at the Student Center to walk over together at 10:00am! Contact 225-491-8258 for directions!","Snacks, Meal, Social, Art",TRUE
NW16,Pop the Balloon: Alter-Ego Edition!,New House,Juniper,Juniper Lounge - New House Floor 3 (West),2026-09-02 21:00,2026-09-02 22:30,"Join Juniper in the ultimate test of how well your friends know you—or how wildly they can fabricate a persona. Part dating show, part tabletop card game, this high-stakes game of elimination will have you popping balloons for the best (and worst) reasons.","Snacks, Social, Games",TRUE
NW17,La Casa Gatas & Game Night,New House,La Casa,New House Arcade (Ground Floor),2026-09-01 19:00,2026-09-01 21:00,"Join us in the New House Arcade for a Gatas & other game night! Play Gatas & other games with friends, meet new people, enjoy friendly competition, and relax with snacks/drinks and great company. All skill levels are welcome; come learn or show off your strategy!","Snacks, Social, Games",TRUE
NW18,Sabor y Ritmo,New House,La Casa,La Casa Kitchen - New House Floor 4 (West),2026-09-03 21:00,2026-09-04 00:00,"La Casa dance night!!! Bachata and Salsa favorites, Cumbia and Merengue rhythms, and Reggaetón beats will be playing at your request. We also have an array of drinks from Latin America (CPW throwback!)","Snacks, Social",TRUE
NW19,Generic Boba Event,New House,Desmond,Desmond Lounge - New House Floor 1,2026-08-30 13:00,2026-08-30 14:00,"Beat the heat (in a not so generic way) by building your own boba: pick your tea, milk, and sweetness, then pile on the pearls. Come by, meet Desmond, and enjoy a delicious drink!","Snacks, Social",TRUE
NW20,Take 5 (at House 5),New House,Desmond,Desmond Lounge - New House Floor 1,2026-08-31 22:00,2026-09-01 00:00,"It's night, you're done with programmed events, and there are warm cookies coming out of the oven. Chill with the Desmondites as we enjoy cookies and milk over a night of games and fun.","Snacks, Social, Games",TRUE
NW21,Dough-smond,New House,Desmond,Desmond Lounge - New House Floor 1,2026-09-04 17:00,2026-09-04 19:00,"Fold dumplings badly with us. Wrappers, filling (meat or vegan), and chili oil provided, pan-fried on the spot. One will emerge as Desmond's finest folder. Nobody knows who yet.","Meal, Social",TRUE
NW22,New House Tour,New House,,New House,2026-08-29 16:00,2026-08-29 17:00,Come tour New House and see all that we have to offer!,Dorm Tour,TRUE
NW23,New House Tour,New House,,New House,2026-08-30 14:00,2026-08-30 15:00,Come tour New House and see all that we have to offer!,Dorm Tour,TRUE
NW24,Taste of New House,New House,,New House Arcade (Ground Floor),2026-09-02 17:00,2026-09-02 19:00,"Get a taste of all the different flavors of New House! This ""meet-and-eat"" is a great chance to interact with our 9 unique communities. Enjoy our food, make new friends, and try to beat us at our own games (Dance Dance Revolution, ping pong, or pool).","Signature, Meal, Social, Games",TRUE
NV01,Explore New Vassar Tour,New Vassar,,Lobby,2026-08-29 12:00,2026-08-29 12:30,"Take a guided tour of New Vassar, meet current residents, and learn about the spaces, traditions, and community.",Dorm Tour,TRUE
NV02,BYO Pizza,New Vassar,,Country Kitchen,2026-08-29 17:30,2026-08-29 19:30,Build your own pizza and meet fellow first-years in a relaxed community dinner.,"Meal, Social, Snacks",TRUE
NV03,Game Night,New Vassar,,Mezzanine,2026-08-29 20:30,2026-08-29 22:30,"Board games, card games, and party games to meet new people.","Games, Snacks, Social",TRUE
NV04,Street Waffles,New Vassar,,Country Kitchen,2026-08-30 08:00,2026-08-30 09:30,Stop by for fresh waffles and toppings before starting your day.,"Meal, Social, Snacks",TRUE
NV05,DUNKin,New Vassar,,Lobby,2026-08-30 12:00,2026-08-30 14:00,Take your shot at dunking New Vassar volunteers while getting to know the community.,"Games, Social, Snacks",TRUE
NV06,New Vassar Heist,New Vassar,,All New Vassar,2026-08-30 19:00,2026-08-30 21:30,"Solve clues, work with teammates, and race across New Vassar in our signature murder mystery scavenger hunt.","Games, Social, Snacks",TRUE
NV07,Coffee Lab,New Vassar,,Mezzanine,2026-08-31 08:30,2026-08-31 10:00,Grab coffee and pastries while chatting with current residents about life at MIT.,"Snacks, Social",TRUE
NV08,Karaoke Night,New Vassar,,Mezzanine,2026-08-31 20:00,2026-08-31 22:00,"Pick your favorite songs and sing with fellow residents in a fun, supportive environment.","Social, Snacks, Party",TRUE
NV09,Breakfast Social,New Vassar,,Country Kitchen,2026-09-01 08:00,2026-09-01 09:30,Enjoy breakfast while meeting fellow first-years before the day's activities.,"Meal, Social, Snacks",TRUE
NV10,CRAFTea + Boba,New Vassar,,Mezzanine,2026-09-01 19:00,2026-09-01 21:00,Make crafts while enjoying tea and boba with new friends.,"Art, Social, Snacks",TRUE
NV11,Casino Night,New Vassar,,Mezzanine,2026-09-01 21:30,2026-09-01 23:30,Enjoy poker and casino-style games while hanging out with the New Vassar community.,"Games, Meal, Social, Signature, Snacks",TRUE
NV12,Getting to Know Vassar,New Vassar,,Courtyard,2026-09-02 15:00,2026-09-02 17:00,Meet the House Team and learn more about the people and resources that make up the New Vassar community.,"Social, Snacks",TRUE
NV13,House Gov & Grub,New Vassar,,Conference Room,2026-09-02 18:00,2026-09-02 19:30,Meet members of House Government over dinner and learn how to get involved.,"Meal, Social, Snacks",TRUE
NV14,Explore New Vassar Tour,New Vassar,,Lobby,2026-09-03 10:30,2026-09-03 11:00,"Take a guided tour of New Vassar, meet current residents, and learn about the spaces, traditions, and community.",Dorm Tour,TRUE
NV15,Arts & Crafts,New Vassar,,Mezzanine,2026-09-03 15:00,2026-09-03 17:00,"Relax, create something fun, and meet fellow residents through hands-on crafts.","Art, Social, Snacks",TRUE
NV16,Camp NV,New Vassar,,Courtyard,2026-09-03 17:30,2026-09-03 18:30,"Enjoy lawn games, popcorn, and classic camp activities in the New Vassar courtyard.","Games, Snacks, Social",TRUE
NV17,Laser Tag,New Vassar,,Game Room,2026-09-03 21:00,2026-09-03 23:00,Team up for friendly laser tag battles throughout New Vassar.,"Games, Social, Snacks",TRUE
NV18,Coffee & Breakfast,New Vassar,,Country Kitchen,2026-09-04 08:00,2026-09-04 09:30,Enjoy a final breakfast with the New Vassar community before classes begin.,"Meal, Social, Snacks",TRUE
NV19,College Classics + Movie Night,New Vassar,,Mezzanine,2026-09-04 15:00,2026-09-04 17:00,"Watch a favorite college movie, enjoy snacks, and relax with new friends before the semester begins.","Snacks, Social, Party, Games",TRUE
NX01,Miscellaneous Mischief,Next House,,Basement,2026-08-30 09:00,2026-08-30 10:00,Pool! Ping pong! Foosball! Heated debates about obscure celebrities!,Social,TRUE
NX02,Fire and Ice I (Ice),Next House,,Courtyard,2026-08-30 10:00,2026-08-30 12:00,Turns out smashing ice is quite therapeutic. Come vent and diy shaved ice with us.,Snacks,TRUE
NX03,Tie Dye,Next House,,Courtyard,2026-08-30 11:00,2026-08-30 13:00,There'll be t-shirts and bow ties to experiment on!,Art,TRUE
NX04,Fire and Ice II (Fire),Next House,,Country Kitchen,2026-08-30 12:00,2026-08-30 14:00,"Where was the fire in Fire & Ice I, you ask? Come eat spicy ramen with us and find out.",Meal,TRUE
NX05,Rockin' and Chalkin',Next House,,Front Sidewalk,2026-08-30 17:30,2026-08-30 19:30,"You can paint the rock, but can you chalk the walk?",Art,TRUE
NX06,Challenging Egg Drop Challenge,Next House,,Courtyard,2026-08-30 18:30,2026-08-30 20:30,"You may have done an egg drop before, but have you done it with your non-dominant hand? We'll have eggs, supplies for protecting them and unreasonable handicaps for you in your futile quest to protect an innocent egg from the cruel hand of gravity!",Games,TRUE
NX07,Next House Tour,Next House,,Lobby,2026-08-30 14:00,2026-08-30 15:00,"Your one (and probably not only) chance to see all of Next House! Listen to some great stories while you walk our storied halls and witness such great things as our music room, communal kitchen, our eight wonderful wings, and more!",Dorm Tour,TRUE
NX08,Paper Tower Engineering Challenge,Next House,,TFL,2026-08-30 20:00,2026-08-30 21:00,"Build sky-high towers out of seemingly simple materials like paper and tape! There will be snacks, as well as prizes for the tallest tower achieved by any team or individual.","Art, Games",TRUE
NX09,Blood on the Clocktower,Next House,,Basement,2026-08-30 22:00,2026-08-31 01:00,"Come play Blood on the Clocktower, a social deduction game. It's like mafia or werewolf, but better!",Games,TRUE
NX10,Mini Canvas Painting,Next House,,Country Kitchen,2026-08-31 08:00,2026-08-31 10:00,"Join our very own paint bar in capturing scenic skylines, signs, and sunsets seen on campus. Refreshments and supplies provided.",Art,TRUE
NX11,Leggo my Eggo,Next House,,Country Kitchen,2026-08-31 08:00,2026-08-31 10:00,Did someone say Legos? And Eggo Waffles?!? Come through to relive your childhood (and maybe even adulthood) in the best possible way! Get delicious breakfast to keep you running for the rest of the day AND channel your Mens et Manus by building stuff out of Lego!,Meal,TRUE
NX12,Minecraft Bedwars IRL,Next House,,2W Main Lounge,2026-08-31 19:30,2026-08-31 21:00,"What exactly is Minecraft Bedwars IRL? Come find out! Join us for a game or two of Calvinball crimes against game design well-thought-out, high-energy fun!",Games,TRUE
NX13,Next House Tour,Next House,,Lobby,2026-08-31 21:00,2026-08-31 22:00,"Your one (and probably not only) chance to see all of Next House! Listen to some great stories while you walk our storied halls and witness such great things as our music room, communal kitchen, our eight wonderful wings, and more! Meet in the Lobby.",Dorm Tour,TRUE
NX14,Lying Down on a Carpet,Next House,,TFL,2026-08-31 21:00,2026-08-31 23:00,"Pillows. A carpet. Hot chocolate. Maybe chill music. No brain, just waiting for the next REX event and vibes.",Social,TRUE
NX15,Bubble Tea Social,Next House,,Country Kitchen,2026-08-31 22:00,2026-09-01 01:00,"WHO DOESN'T LIKE BOBA??? Pull through to enjoy tapioca pearls with an assortment of beverages, jigsaw puzzles, and the company of current Nexties!","Snacks, Social",TRUE
NX16,Dorsal Telestrations,Next House,,Basement,2026-09-01 19:00,2026-09-01 20:00,The Ultimate Drawing Game(s) of All Time.,"Social, Art",TRUE
NX17,Next House Tour,Next House,,Lobby,2026-09-01 21:00,2026-09-01 22:00,"Your one (and probably not only) chance to see all of Next House! Listen to some great stories while you walk our storied halls and witness such great things as our music room, communal kitchen, our eight wonderful wings, and more! Meet in the Lobby.",Dorm Tour,TRUE
NX18,Midnight Pancakes,Next House,,Country Kitchen,2026-09-01 22:00,2026-09-02 01:00,Come to one of Next House's signature events alongside a warm wholesome karaoke session. Catch pancakes in the Next House country kitchen (literally)! Chill and talk to Nexties! Warm up with hot chocolate and the vibes ~,"Signature, Social, Meal",TRUE
NX19,books & tea time,Next House,,TFL TV Area,2026-09-02 15:00,2026-09-02 17:00,Running around campus for rex events got you beat? sit down and relax with a nice cup of tea and something to read :),Social,TRUE
NX20,Mural Painting,Next House,,5E Main Lounge,2026-09-02 16:00,2026-09-02 17:30,Mini Canvas Painting but with huge canvases.,Art,TRUE
NX21,"Um, Actually (MIT Edition)",Next House,,TFL,2026-09-02 23:00,2026-09-03 01:00,"Let your nerd side shine in this MIT-themed rendition of Dropout game show Um, Actually, where no fun fact fares free from merciless pedantic correction! Fabulous prizes and eternal glory await all intrepid challengers!","Social, Games",TRUE
NX22,Good Will Hunting Watch Party!,Next House,,TFL TV Area,2026-09-01 06:30,2026-09-01 09:00,"We will be watching Good Will Hunting, a movie set on MIT's campus! Bring a pillow or blanket! There will be snacks >:)","Snacks, Social",TRUE
NX23,DOOM like its 1993,Next House,2W,2W Main Lounge,2026-08-30 17:00,2026-08-30 19:00,"Ever reminisce the days of dial up, MS-DOS, and OG DOOM? Worry no longer! Its time to (LAN) Party like its 1993! Play DOOM with friends and upperclassmen on a CPU we built from scratch. Tired of playing? We have a wide a variety of chips (potato, silicon, and others) to snack on.","Snacks, Social, Games",TRUE
NX24,AB RIPPER,Next House,5W,5W Main Lounge,2026-08-30 21:00,2026-08-30 22:00,5W Ab Ripper as always! There will be snacks for those who work out (or don't)!,"Snacks, Social",TRUE
NX25,café 2e,Next House,2E,2E Main Lounge,2026-09-01 19:30,2026-09-01 21:00,"make sushi hand rolls, sip on made-to-order matcha lattes and coffee, and chat with nexties in 2e's cozy main lounge!","Snacks, Social",TRUE
NX26,Yoga Class,Next House,2W,TFL,2026-09-01 20:00,2026-09-01 21:00,Full beginners’ vinyasa-based class taught by RYT200,Social,TRUE
NX27,3W: Painting Puzzles,Next House,3W,3W Main Lounge,2026-08-31 19:00,2026-08-31 20:30,"Come join 3W in constructing a 1000p jigsaw puzzle! Before putting the puzzle together, we will first be painting the pieces. Snacks included.","Snacks, Social, Art",TRUE
NX28,3W: Board Games and Matcha,Next House,3W,3W Main Lounge,2026-09-02 20:00,2026-09-02 22:00,Enjoy the vast 3W board game collection while sipping on high quality homemade matcha!,"Snacks, Social, Games",TRUE
NX29,5E: Let's Get Crafty (and Snacky),Next House,5E,5E Main Lounge,2026-09-02 18:30,2026-09-02 20:00,"Join 5E for a chill session of arts, crafts, and tasty snacks from around the world! Origami, painting, and other creative projects — no experience needed. There will also be a bunch of international treats. Bring your friends, relax, and get crafty (and snacky) with us!","Snacks, Art, Social",TRUE
NX30,Next Haunt - Haunted Escape Room!,Next House,Next Haunt,Private Dining Room,2026-08-30 22:00,2026-08-31 01:00,"Are you excited for Halloween? Yes, it's August, but ARE YOU EXCITED FOR HALLOWEEN? Swing by Next Haunt's booth for a mini escape room experience rife with snacks, prizes, and spo0kiness!",,TRUE
NX31,Next Sing's Open Rehearsal!,Next House,Next Sing,TFL Piano Area,2026-08-31 20:00,2026-08-31 21:00,"What's that strain of melody in the distance? Come sing ""Do You Hear the People Sing?"" with the Next Sing gang! We're a low-key acapella group based in Next House, open to anyone and everyone!",Social,TRUE
NX32,Next Act - Theatre Game Night,Next House,Next Act,TFL,2026-09-01 21:00,2026-09-01 22:00,Join Next Act for a fun night of improv games and acting shenanigans! there will be snacks :),"Social, Games",TRUE
NX33,Meringue Roulette,Next House,Next Bake,Country Kitchen,2026-09-02 17:00,2026-09-02 19:00,Put your palate to the test with Meringue Roulette! Come for the sugar. Stay for the statistical uncertainty...,"Snacks, Games",TRUE
NX34,Next Act - The Guy who Didn't Like Musicals Watch Party,Next House,Next Act,TFL TV Area,2026-09-02 19:00,2026-09-02 21:00,"Do you feel like the world is suddenly bursting into song and you’re the only one not in on it? So does The Guy Who Didn’t Like Musicals, an ordinary guy who just wants a normal day without spontaneous singing. Join us for a film screening of Next Act's CPW 2026 production!",Snacks,TRUE
NX35,Next Sing Karaoke,Next House,Next Sing,Basement,2026-09-01 22:00,2026-09-02 01:00,"Does singing make you Happier Than Ever? Well, Good 4 U! It's About Damn Time you join us for a Golden evening in our APT (the Next House basement) to make A Million Dreams of singing come true For Good. (And if you don't like singing, you could always Shut Up and Dance).",Social,TRUE
NX36,Next Film Festival,Next House,Next Film,TFL TV Area,2026-09-01 19:00,2026-09-01 21:00,"Come to Next Film's very first Festival, where we will be showing the movies we've made over the past year to you, our audience. Including the world premiere of our Spring 2026 film, WAS, a Saw Parody. There will also be plenty of snacks.","Snacks, Social, Art",TRUE
NX37,(Trojan) Horsing Around,Next House,Next Big Thing,Courtyard,2026-09-01 19:30,2026-09-01 21:30,"How many Trojan horses have you used before? Really? None? Not even one??? If you'd like to correct what has been a glaring omission in your life up to this point, come to the Next House Courtyard to wheel around a giant wooden horse and chat with Next Big Thing!",Social,TRUE
RN01,Eat Your Asian Vegetables,Random Hall,Clam,Clam Kitchen,2026-08-29 12:17,2026-08-29 14:17,Come eat all the Asian veggies you'll never find at a dining hall!! Rice and Pork Bone Soup included on the side. You can also come learn food security and food sources at MIT.,"Meal, Social",TRUE
RN02,bLOOd oN ThE CLOckTOWER,Random Hall,Black Hole,Black Hole Kitchen,2026-08-29 13:17,2026-08-29 16:17,"HEY KIDS!!! WANNA PLAY FUN SOCIAL DEDUCTION GAME BLOOD ON THE CLOCKTOWER WITH ME, uhh, A PERSON?!!??? ALL AGES, EXPERIENCES, AND THINGS WELCOME!!! WE WILL HAVE REAL BLOOD! (for legal reasons this is kool aid)","Snacks, Games",TRUE
RN03,"Um, Actually!",Random Hall,Bonfire,Bonfire Lounge,2026-08-29 14:47,2026-08-29 16:17,"Are you a little pedantic and/or know random factoids? Then come to ""Um, Actually""! We will say subtly wrong 'facts' and you must correct us (by saying ""Um, Actually..."").","Snacks, Games",TRUE
RN04,exhale and eat pie :),Random Hall,BMF,BMF Kitchen,2026-08-29 16:17,2026-08-29 17:47,come take a break and eat some strawberry pie (whipped and ice cream also available) :),Snacks,TRUE
RN05,Roofdeck Garden Tour + Adopt a Plant,Random Hall,,Roofdeck,2026-08-29 16:47,2026-08-29 18:47,"Tour the Random Hall Roofdeck Garden, learn about growing your own vegetables and flowers, eat some produce, and maybe take home a little plant of your own!","Art, Social",TRUE
RN06,Nekomimi Maid Cafe,Random Hall,Destiny,Foo,2026-08-29 18:47,2026-08-29 20:17,Come to Random to be served delicious food by maids with cat ears! kawaii neko maid cafe(=^-.-^=)/ nyaa~,"Meal, Social, Signature",TRUE
RN07,Arcane,Random Hall,Bonfire,Bonfire Lounge,2026-08-29 19:47,2026-08-30 01:00,"We're watching all 0_0 of acclaimed TV show arcane! Please come by whenever and watch, or watch the whole thing for the complete Bonfire Media experience. Snacks provided!","Snacks, Social",TRUE
RN08,Applied Knot Theory,Random Hall,Pecker,Pecker Lounge,2026-08-29 20:17,2026-08-29 21:17,Learn to tie pretty knots with pretty people!,"Social, Art",TRUE
RN09,Breakfast of CHAMPIONS!,Random Hall,Black Hole,Black Hole Kitchen,2026-08-30 08:47,2026-08-30 09:47,"Before ascending to the hallowed planks of the great roof of Randomhalla, it is advisable to feast upon... uh... toast, maybe?",Meal,TRUE
RN10,RANDOMHALLA!,Random Hall,,Roofdeck,2026-08-30 09:47,2026-08-30 11:47,"Upon the lofty planks of Randomhalla, brave warriors do fight. O'er the roofdeck shall the sounds of boffer swords ring.",Games,TRUE
RN11,Polymer Clay Science,Random Hall,Pecker,Pecker Kitchen,2026-08-30 10:17,2026-08-30 12:47,"Forge plastic trinkets with your very own blood, sweat, and tears. Also we might talk about polymer science.","Art, Social",TRUE
RN12,Become 2% Milk,Random Hall,Clam,Clam Kitchen,2026-08-30 12:47,2026-08-30 14:17,"Have you ever wanted to become 2% milk? Now you can!
Come and see if you can drink enough milk to become 2% milk by mass!! (vegan/vegetarian milk options available, as well as REAL food (soup and veggies)!!!).","Meal, Social",TRUE
RN13,Kitty Cat Castles,Random Hall,Loop,Loop Lounge,2026-08-30 13:17,2026-08-30 15:00,Help out the Random Hall cats this REX by building them custom cardboard boxes! A few may come by to supervise the work :3,"Art, Social",TRUE
RN14,Pasta Origami,Random Hall,Black Hole,Black Hole Kitchen,2026-08-30 17:17,2026-08-30 20:17,"Origami is the art of paper-folding, but it seems I forgot the paper at home! Luckily I have all this pasta dough lying around… Come and attempt the art of pasta-folding and pasta-eating!!","Meal, Art",TRUE
RN15,Sapphic Cartoons and Plushie Piles,Random Hall,Loop,Loop Lounge,2026-08-30 18:17,2026-08-30 19:47,Watch some LGBTQ+ (emphasizing the L) cartoons with fellow fans while sinking into blanket/plushie piles! Snacks will be included!,"Snacks, Social",TRUE
RN16,Karaoke: NERD EDITION!,Random Hall,Destiny,Destiny Lounge,2026-08-30 19:47,2026-08-30 21:17,"Sing songs from your favorite video game, anime, movie, TV show, or whatever your nerdy soul desires!
Gamer snacks shall be provided","Snacks, Party",TRUE
RN17,Befoul our Walls!,Random Hall,Black Hole,Black Hole Kitchen,2026-08-30 20:17,2026-08-30 23:17,"WE HAVE ENOUGH ACRYLLIC PAINT TO CONQUER THE WORLDDDD! BUT FIRST, CONQUER OUR WALLS, PAINT THEM WITH THE COLORS OF YOUR ENEMIES",Art,TRUE
RN18,ghibli brunch,Random Hall,Pecker,Pecker Kitchen,2026-08-31 09:47,2026-08-31 11:30,ever watched a ghibli movie and thought the food looked delicious? come to pecker to try it out in real life!,"Meal, Social",TRUE
RN19,Make and Eat Jurassic Park,Random Hall,Black Hole,Black Hole Kitchen,2026-08-31 19:17,2026-08-31 21:17,"We build a big mashed potatoes volcano, hot gravy lava, and put in dino nuggies as dinos and brocolli for trees. We will go as big as possible and eat to become as big as possible.","Meal, Social",TRUE
RN20,Random Hall Only Connect,Random Hall,BMF,BMF Lounge,2026-08-31 20:17,2026-08-31 22:17,"do you like New York Times connections and/or game shows? bring your friends to play a game of (slightly MIT themed) Only Connect, my favorite quiz show :D","Social, Games",TRUE
RN21,Furry Movie Night!,Random Hall,Clam,Clam Lounge,2026-08-31 22:17,2026-09-01 00:17,"Meowdy! :3c  Wanna watch a movie about fuzzy anthropomorphic creatures doing fuzzy creature things? Come hang out and meet some other furry and furry-adjacent friends on Clam!

[come within the first ~15ish minutes to be able to choose which movie we watch!]",Social,TRUE
RN22,Complete Breakfast,Random Hall,Clam,Clam Kitchen,2026-09-01 08:17,2026-09-01 09:30,"Tired of dessert for breakfast? Join us for a well balanced meal of rice, veggies, chicken, fish, eggs, dumplings, and fruit to start your day!","Meal, Social",TRUE
RN23,FYRE Festival,Random Hall,,Roofdeck,2026-09-01 19:17,2026-09-01 21:17,"“first-class culinary experiences and a luxury atmosphere”
(no)","Party, Meal, Games",TRUE
RN24,Moving Sofa Problem but there isn't a sofa,Random Hall,,Roofdeck,2026-09-01 21:17,2026-09-01 22:17,"The reason why there isn't a sofa is because that would mean I would have to haul the sofa to its starting place, and I am too feeble to haul a sofa up four flights of narrow stairs.

There will be, however, the Mega Milk.",Games,TRUE
RN25,sketchbook swap!,Random Hall,Clam,Clam Kitchen,2026-09-01 22:17,2026-09-01 23:47,Bring your sketchbook! Make new friends and doodle in eachother's sketchbooks in Clam kitchen (clam = best floor btw not biased :3c),"Art, Social",TRUE
RN26,Mysterious Breakfast,Random Hall,Black Hole,Black Hole Kitchen,2026-09-02 08:47,2026-09-02 09:30,"What's it going to be? (Disappointing, probably.)",Meal,TRUE
RN27,you may fascinate a frosh with a piece of cheese,Random Hall,Loop,Loop Kitchen,2026-09-02 16:17,2026-09-02 19:17,"eat cheese! break bread! get advice from people 0-3 years older than you! and more, with loop-random-hall's TWO residents!","Snacks, Social",TRUE
RN28,Roofdeck Movies and Shows!,Random Hall,Black Hole,Roofdeck,2026-09-02 23:17,2026-09-03 01:00,"Watch movies and tv shows on the random hall roofdeck using our giant projector! We can and will watch anything, though if allowed,  dictatorship of doctor who and studio ghibli will be instilled.","Snacks, Social",TRUE
RN29,Random Coffeehouse,Random Hall,BMF,BMF Kitchen,2026-09-03 08:17,2026-09-03 10:17,"coffee, matcha, hot chocolate, pastries","Snacks, Social",TRUE
RN30,Paper Ozoks,Random Hall,Black Hole,Black Hole Kitchen,2026-09-03 10:17,2026-09-03 12:17,Make your own low-poly Ozok!,Art,TRUE
RN31,Honor The Milk,Random Hall,Clam,Clam Kitchen,2026-09-03 12:17,2026-09-03 14:17,come eat snacks and make colorful toast art to honor the Milk!,"Snacks, Art",TRUE
RN32,Moist Armory,Random Hall,,Basement,2026-09-03 14:17,2026-09-03 16:47,"Arm yourself for moist combat
We shall produce weapons... perhaps even a MEGA MILK???","Art, Games",TRUE
RN33,Fazbear Night at FredLoop's Pizza,Random Hall,Loop,Loop Lounge,2026-09-03 20:47,2026-09-04 00:17,"Fazbear Entertainment Presents: A Welcoming Pizza Pgathering! Play FNAF games while eating FNAF-ish food of a legally-acceptable quality at Loop Random Hall, where fantasy and fun come to life!","Meal, Games",TRUE
RN34,Breaklast,Random Hall,Black Hole,Black Hole Kitchen,2026-09-04 08:47,2026-09-04 09:30,"It's called breaklast because it's the last Random Hall REX breakfast event

this means we can steal all the other events' leftover snacks",Meal,TRUE
RN35,souptastic!,Random Hall,BMF,BMF Kitchen,2026-09-04 16:30,2026-09-04 19:00,"do you have some questionable, uncontrollable urge to eat soup despite the fact it's the middle of summer? [...]have no fear! have soup instead! grab a bowl, make some friends! or just grab a bowl and leave! it doesn't matter to me. soup :3","Meal, Social",TRUE
SM01,Origami Spiky Balls,Simmons Hall,,Craft Room,2026-08-31 19:00,2026-08-31 21:00,"Come make a origami spiky ball with us in Simmons craft room! This isn't just your ordinary origami project, here, you will be the orchestrator of 12 pieces of paper coming together to form a geometrically satisfying spike ball!","Art, Party, Social",TRUE
SM02,Mario Kart Sponge,Simmons Hall,,TV Lounge,2026-08-29 16:30,2026-08-29 18:00,Play Mario Kart with residents of Simmons!! Feel free to ask any questions about Simmons dorm life.,"Social, Games",TRUE
SM03,Scootah Hockey,Simmons Hall,,Simmons Dining Hall,2026-08-30 19:00,2026-08-30 21:00,"remember those beloved scooters you used to sit and roll around on in elementary school? well, now you can play hockey on them!","Games, Snacks, Social",TRUE
SM04,Meet the Press!: Printing Workshop,Simmons Hall,,Simmons Room 480,2026-08-29 14:30,2026-08-29 16:30,"Try your hand at a traditional printing press and make your own custom print! Learn how the press works, ink a plate, and create a poster or card to take home. No experience needed—just come ready to get a little inky and make something cool.","Art, Social",TRUE
SM05,S-Cubed (Soccer and Spikeball with the Sponge),Simmons Hall,,Briggs Field E (outside Simmons),2026-09-03 15:00,2026-09-03 18:00,"Come play soccer, spikeball, and make ice cream in soccer balls! (not affiliated with student support services)","Social, Games",TRUE
SM06,Pico Park,Simmons Hall,,Tv Lounge,2026-08-30 17:00,2026-08-30 19:00,Make friends (and enemies) playing Pico Park!,"Social, Games",TRUE
SM07,board games + ice cream,Simmons Hall,,Party Room,2026-09-03 21:00,2026-09-03 23:00,Play Catan! Play Codenames! Play Risk! Play any game you want from the Simmons board game collection and/or enjoy a sweet ice cream snack!,"Social, Snacks, Games",TRUE
SM08,Smash bros tourney!!,Simmons Hall,,TV Lounge,2026-09-01 19:00,2026-09-01 21:00,Smash the bros. Prizes and snacks.,"Social, Games",TRUE
SM09,Top of the Sponge,Simmons Hall,,7th floor terrace,2026-09-01 20:00,2026-09-02 00:00,party on simmons rooftop!!,"Social, Party, Signature, Snacks",TRUE
SM10,Professional Politicking,Simmons Hall,,MPR,2026-08-29 15:00,2026-08-29 17:00,"Run as a presidential candidate for a random nation under a pseudorandomly-generated party with bizarre platforms and debate against your opponents. Or be a citizen, ask the candidates the tough questions, and vote for your favorite! (A lighthearted, fast-paced simulation game)","Social, Games",TRUE
SM11,Medieval Sword Fights,Simmons Hall,,Craft Room (first hr) + MPR (second hr),2026-09-03 13:00,2026-09-03 14:30,"Here ye, here ye! The grandest of medieval pastimes is upon us: the Simmons sword fight. In just one hour, craft yourself some armor, a shield, and a trusty sword, then fight...to the death!...figuratively.","Social, Games",TRUE
SM12,Simfinite Hopscotch,Simmons Hall,,Simmons Sidewalk,2026-09-03 10:00,2026-09-03 13:00,"The walk to and from Simmons is so long... if only we had a comically extensive hopscotch all the way to campus! Join us in decorating the sidewalk with hopscotch squares, hiding easter eggs, and adding some whimsy to Vassar Street!","Social, Art, Games",TRUE
SM13,Fanfiction Galore,Simmons Hall,,Party Room,2026-08-29 17:00,2026-08-29 19:00,"Write some hilarious or angsty fanfic about anything from Tim the Beaver to Simmons Hall, readers come and rate the best story!","Games, Art",TRUE
SM14,Duck Hunt (Simfest),Simmons Hall,,Around Simmons,2026-09-03 14:30,2026-09-03 16:30,There are many ducks scattered in the sponge. Find the ducks; the person who finds the most gets a prize.,"Social, Games",TRUE
SM15,Late Night Nugs,Simmons Hall,,Country Kitchen  + Old Late Night,2026-09-03 22:00,2026-09-04 00:30,Absurd amount of nugs late at night,"Meal, Snacks, Social",TRUE
SM16,Tower Defense,Simmons Hall,,MPR,2026-08-30 11:00,2026-08-30 14:00,"Team up and see who can stack the tallest tower, but be wary of other teams that can throw soft projectiles to knock down your tower, so strategy, speed, and teamwork are key!!","Social, Games",TRUE
SM17,Volleyball,Simmons Hall,,Briggs Field E (outside Simmons),2026-08-29 18:00,2026-08-29 19:00,Come play volleyball with fellow Sims!,"Social, Games, Snacks",TRUE
SM18,Glow in the Dark Volleyball & chill,Simmons Hall,,Briggs Field E (outside Simmons),2026-08-31 20:00,2026-08-31 22:00,"EVERYTHING is GLOWING — we gotchu with music, drinks, comfort, and convos","Party, Social, Games, Snacks",TRUE
SM19,Cupcake Decorating,Simmons Hall,,Country Kitchen  + Old Late Night,2026-09-02 14:00,2026-09-02 17:00,Come decorate cupcakes and hang out! We'll have prizes for the best (and worst) cupcakes! Gluten free options available.,"Art, Social, Snacks",TRUE
SM20,Sims Sings,Simmons Hall,,MPR,2026-08-29 21:00,2026-08-29 23:00,"sing your heart out on the stage of superstars —they say if you're ever in a position where you're being chased by a cucumber, then grab the mic","Party, Social",TRUE
SM21,S'more S'mores,Simmons Hall,,Barbecue Grills outside lobby,2026-08-30 21:00,2026-08-30 23:00,It is prime smore's season so puuu!,"Social, Snacks",TRUE
SM22,Milkshake Bar,Simmons Hall,,Country Kitchen  + Old Late Night,2026-09-04 16:30,2026-09-04 18:00,Join us for some milkshakes! You can just have milk too if you want,"Snacks, Social",TRUE
SM23,Pancake Breakfast: A New Batch of Freshmen,Simmons Hall,,Country Kitchen  + Old Late Night,2026-08-30 08:30,2026-08-30 11:00,"Spatulas are our lightsabers, Simmons is our Millenium Falcon, and our charm and grace are our tractor beams. Come eat pancakes with us!","Meal, Social",TRUE
SM24,Pancake Breakfast: The Batter Strikes Back,Simmons Hall,,Country Kitchen  + Old Late Night,2026-08-31 08:30,2026-08-31 11:00,"Stay up all night did you, hmm? For breakfast (or dinner) come join us! Love pancakes, you must","Meal, Social",TRUE
SM25,Pancakes: The Last Starch,Simmons Hall,,Country Kitchen  + Old Late Night,2026-09-03 08:30,2026-09-03 11:00,It pains me to say that this is the last pancake breakfast for Simmons CPW 2018. Enjoy.,"Meal, Social",TRUE
SM26,GATAS,Simmons Hall,,2nd Floor Game Area,2026-08-31 19:00,2026-08-31 20:00,Objectively the best use of any pool table- a fast-paced billiards game that is a long-standing Simmons tradition!,"Games, Social",TRUE
SM27,Late Night Office Hours,Simmons Hall,,Party Room,2026-08-31 22:00,2026-09-01 00:00,Questions about Simmons? MIT? Just want somewhere to chill after running around all day? Come join us!,Social,TRUE
SM28,Chalk Muraling (Second floor),Simmons Hall,,2nd floor outside library,2026-09-03 13:00,2026-09-03 15:00,Come partake in the classic chalking of the Simmons walls!,"Social, Art",TRUE
SM29,Simmons Tour,Simmons Hall,,Meet in Mailbox Lounge!,2026-08-29 13:30,2026-08-29 14:30,Come tour the many halls of Simmons!,Dorm Tour,TRUE
SM30,Simmons Tour,Simmons Hall,,Meet in Mailbox Lounge!,2026-08-30 14:00,2026-08-30 15:00,Come tour the many halls of Simmons!,Dorm Tour,TRUE
SM31,Just Dance (Gonna be ok),Simmons Hall,,Simmons MPR,2026-08-29 19:00,2026-08-29 21:00,Join us for a night of dancing and snacks!,"Party, Snacks, Social",TRUE
SM32,Watt Are We Doing?,Simmons Hall,,7C lounge,2026-09-03 16:00,2026-09-03 18:00,Come pretend we understand electricity until caffeine becomes our primary source of charge. Bring your notes and enjoy.,"Meal, Social",TRUE
SM33,Hot Dog Showdown,Simmons Hall,,Barbecue Grills outside,2026-08-31 20:00,2026-08-31 22:00,"Think you can out-eat everyone else? Come eat, compete, and claim the title of hot dog champion. You are welcome to spectate or just stop by for a hot dog!","Meal, Social",TRUE
SM34,"Boba, Hot Chocolate & Stargazing",Simmons Hall,,Briggs Field E (outside Simmons),2026-08-29 22:00,2026-08-30 00:00,Want to stay up late? Why not spend the evening stargazing at Briggs Field with the Simmons telescope (boba and hot chocolate included)! We'll be viewing the Moon/Saturn conjunction and the Andromeda Galaxy through the telescope and snapping photos through the eyepiece.,Social,TRUE
SM35,Wii Sports,Simmons Hall,,TV Lounge,2026-09-02 14:00,2026-09-02 16:00,Come play Wii sports with the residents of Simmons!,"Social, Games",TRUE
NX38,Next Little Thing,Next House,Next Big Thing,Courtyard,2026-09-01 19:30,2026-09-01 21:30,"Come do some miniature construction projects and meet the team of Next Big Thing, a new student build group starting up this year!",,TRUE
DC01,Water Wars,DormCon,,Killian Court,2026-09-03 17:00,2026-09-03 18:00,"In Killian Court where the brave do spar, we build great forts and wage water war.",Signature,TRUE
EC38,CryoFAC,East Campus,,W20: Stratton Student Center,2026-08-30 11:00,2026-08-30 15:00,"An over 25-year-old tradition within EC, your favorite freshly made liquid nitrogen ice cream CPW event—CryoFAC—is brought back to you during REX for the first time in years! And, with some niche (and performative) flavors as well... *pulls out matcha-rose-saffron*","Snacks, Social",TRUE